-- phpMyAdmin SQL Dump
-- version 4.6.0
-- http://www.phpmyadmin.net
--
-- Host: localhost:3306
-- Generation Time: Jul 31, 2016 at 10:59 PM
-- Server version: 5.5.50-MariaDB
-- PHP Version: 5.6.14

SET SQL_MODE = "NO_AUTO_VALUE_ON_ZERO";
SET time_zone = "+00:00";


/*!40101 SET @OLD_CHARACTER_SET_CLIENT=@@CHARACTER_SET_CLIENT */;
/*!40101 SET @OLD_CHARACTER_SET_RESULTS=@@CHARACTER_SET_RESULTS */;
/*!40101 SET @OLD_COLLATION_CONNECTION=@@COLLATION_CONNECTION */;
/*!40101 SET NAMES utf8mb4 */;

--
-- Database: `com12317_weingping`
--

-- --------------------------------------------------------

--
-- Table structure for table `appointment`
--

CREATE TABLE `appointment` (
  `app_id` int(3) UNSIGNED ZEROFILL NOT NULL,
  `pet_id` int(6) UNSIGNED ZEROFILL NOT NULL,
  `app_date` datetime NOT NULL,
  `app_detail` text COLLATE utf8mb4_unicode_ci NOT NULL
) ENGINE=InnoDB DEFAULT CHARSET=utf8mb4 COLLATE=utf8mb4_unicode_ci;

--
-- Dumping data for table `appointment`
--

INSERT INTO `appointment` (`app_id`, `pet_id`, `app_date`, `app_detail`) VALUES
(001, 000002, '2016-07-27 14:00:00', 'ตรวจร่างกาย'),
(002, 000003, '2016-07-30 14:00:00', 'ตัดไหม'),
(003, 000003, '2016-07-30 14:00:00', 'เย็บ');

-- --------------------------------------------------------

--
-- Table structure for table `buy`
--

CREATE TABLE `buy` (
  `buy_id` int(6) UNSIGNED ZEROFILL NOT NULL,
  `buy_date` datetime NOT NULL,
  `buy_total` decimal(8,2) NOT NULL,
  `status` int(1) NOT NULL
) ENGINE=InnoDB DEFAULT CHARSET=utf8mb4 COLLATE=utf8mb4_unicode_ci;

--
-- Dumping data for table `buy`
--

INSERT INTO `buy` (`buy_id`, `buy_date`, `buy_total`, `status`) VALUES
(000001, '2016-07-27 01:22:13', '740.00', 0),
(000002, '2016-07-27 01:23:56', '700.00', 1),
(000003, '2016-07-27 13:02:31', '615.00', 1);

-- --------------------------------------------------------

--
-- Table structure for table `buy_detail`
--

CREATE TABLE `buy_detail` (
  `buy_id` int(6) UNSIGNED ZEROFILL NOT NULL,
  `d_id` char(6) COLLATE utf8mb4_unicode_ci NOT NULL,
  `b_price` decimal(8,2) NOT NULL,
  `b_amount` int(4) NOT NULL
) ENGINE=InnoDB DEFAULT CHARSET=utf8mb4 COLLATE=utf8mb4_unicode_ci;

--
-- Dumping data for table `buy_detail`
--

INSERT INTO `buy_detail` (`buy_id`, `d_id`, `b_price`, `b_amount`) VALUES
(000001, 'D00001', '140.00', 4),
(000001, 'D00002', '180.00', 1),
(000002, 'D00001', '140.00', 5),
(000003, 'D00001', '140.00', 3),
(000003, 'D00003', '195.00', 1);

-- --------------------------------------------------------

--
-- Table structure for table `customer`
--

CREATE TABLE `customer` (
  `cus_id` char(6) COLLATE utf8mb4_unicode_ci NOT NULL,
  `cus_name` varchar(50) COLLATE utf8mb4_unicode_ci NOT NULL,
  `cus_surname` varchar(50) COLLATE utf8mb4_unicode_ci NOT NULL,
  `cus_address` text COLLATE utf8mb4_unicode_ci NOT NULL,
  `cus_telephone` varchar(13) COLLATE utf8mb4_unicode_ci NOT NULL
) ENGINE=InnoDB DEFAULT CHARSET=utf8mb4 COLLATE=utf8mb4_unicode_ci;

--
-- Dumping data for table `customer`
--

INSERT INTO `customer` (`cus_id`, `cus_name`, `cus_surname`, `cus_address`, `cus_telephone`) VALUES
('C00000', 'Tanapong', 'Thaimai', '100 หมู่ 3 ตำบลฟ้าฮ่าม อำเภอเมือง จังหวัดเชียงใหม่', '0812352248'),
('C00001', 'ปิยะนันท์', 'กรุณาหล่าย', '309 หมู่2, ตำบลร้องกวาง อำเภอร้องกวาง จังหวัดแพร่', '0812457826'),
('C00002', 'เวรุลี ', 'เต่าเขียว', '24 หมู่ 3 ตำบลบ้านเวียง ล่องกวาง แพร่ 54140', '0845678942');

-- --------------------------------------------------------

--
-- Table structure for table `diseasetype`
--

CREATE TABLE `diseasetype` (
  `diseasetypeid` int(2) UNSIGNED ZEROFILL NOT NULL,
  `diseasetypename` varchar(50) COLLATE utf8mb4_unicode_ci NOT NULL,
  `curedisease` text COLLATE utf8mb4_unicode_ci NOT NULL,
  `pet_type` int(1) NOT NULL
) ENGINE=InnoDB DEFAULT CHARSET=utf8mb4 COLLATE=utf8mb4_unicode_ci;

--
-- Dumping data for table `diseasetype`
--

INSERT INTO `diseasetype` (`diseasetypeid`, `diseasetypename`, `curedisease`, `pet_type`) VALUES
(01, 'โรคพิษสุนัขบ้า', 'โรคนี้มีสาเหตุมาจากเชื้อไวรัส โดยเป็นเชื้อไวรัสชนิดที่อ่อนแอในสภาพแวดล้อม โดยเชื้อไวรัสตัวนี้ ถูกทำลายโดย ความร้อน แสงแดด ความแห้ง นอกจากนี้ยังถูกทำลายได้ง่ายด้วยน้ำสบู่ และ ยาฆ่าเชื้อทั่วๆไป แต่ถ้าเชื้อชนิดนี้เข้าสู่ร่างกายในปริมาณที่มากเพียงพอ จะเข้าไปตามระบบประสาทของเรา จนสุดท้ายจะขึ้นไป ยังสมอง และทำให้เรา แสดงอาการต่างๆของโรค และเสียชีวิตในที่สุด\r\n\r\nอาการของโรค   ซึม ไม่กินอาหาร อารมณ์ฉุนเฉียว น้ำลายยืด ตื่นเต้น เสียงร้องเปลี่ยนไป กัดทุกอย่างแม้แต่เจ้าของ หลบในที่มืด ความรู้สึกไว ลิ้นห้อย\r\n\r\nคำแนะนำ     เมื่อสัตว์เลี้ยงของท่านถูกสัตว์ที่สงสัยว่าเป็นพิษสุนัขบ้ากัด ให้รีบทำความสะอาดแผลเบื้องต้น และใส่ยาฆ่าเชื้อ เช่น ทิงเจอร์ เบตาดีน หรือแอลกอฮอล์ เป็นต้น แล้วรีบพาไปพบสัตวแพทย์ ผู้สามารถแนะนำได้ว่า ท่านควรทำอย่างไรบ้าง ส่วนสัตว์ที่มากัดให้ท่านจับขังไว้และสังเกตอาการไม่น้อยกว่า 10 วัน แต่ถ้าท่านทั้งหลายโดนสัตว์ที่สงสัยว่าเป็นพิษสุนัขบ้ากัด ให้รีบทำความสะอาดแผล ใส่ยาฆ่าเชื้อดังกล่าว แล้วให้รีบไปพบแพทย์โดยด่วนที่สุด และควรฉีดวัคซีนป้องกันโรคพิษสุนัขบ้าตามโปรแกรมที่กำหนด', 1),
(02, 'โรคไข้หัดสุนัข     ', 'โรคไข้หัดเป็นโรคที่ติดต่อได้ง่ายในสุนัข และพบเสมอๆในสุนัขเล็ก จนทั้งสุนัขหนุ่มสาว ในสุนัขแก่ไม่ค่อยเป็นโรคหัด สุนัขบางแก้วง่ายต่อการเกิดโรคนี้มาก เชื้อไวรัสเป็นสาเหตของโรคนี้มักทำให้เกิดอาการทางประสาท สุนัขจะตายด้วยโรคแทรกซ้อนนี้ขึ้นมา โรคไข้หัดสุนัขพบว่ามีอยู่หลายชนิดตามอาการที่เป็น ถ้าพบอาการปอดบวม, น้ำมูกไหล แสดงว่าเป็นไข้หัดทางระบบหายใจ บางครั้งจะพบว่าท้องเดิน ถ่ายอุจจาระเหม็น ก็เป็นไข้หัดชนิดทางระบบลำไส้ หรือพบอาการชัก ก็เป็นไข้หัดทางระบบประสาท\r\n\r\nอาการของโรค   ตัวกระตุก มีตุ่มหนองขึ้นที่ใต้ท้อง ปากสั่น เบื่ออาหาร น้ำมูกสีเขียวไหลย้อย มีขี้ตาสีเขียวเกรอะกรังตลอดเวลา ซึม มีไข้ ชัก ฝ่าเท้ากระด้างขึ้น\r\n\r\nคำแนะนำ     เมื่อสุนัขของเราเป็นไข้หัด ควรเตรียมพร้อมในการดูแลน้องหมาของเราให้ดี เพราะโรงพยาบาลสัตว์ทั่วไป จะไม่รับสุนัขป่วยไข้หัดไว้เป็นสัตว์ป่วยใน เนื่องจากหากไม่มีห้องติดเชื้อแยกไว้โดยเฉพาะ จะทำให้ติดต่อสู่น้องหมาตัวอื่นได้ง่าย เจ้าของส่วนใหญ่จึงต้องรับกลับมาดูแลที่บ้าน โดยคุณหมอจะนัดพบเพื่อดูอาการเป็นแบบวันต่อวันไป - เตรียมสถานที่และอุปกรณ์ส่วนตัวให้พร้อม หากเป็นน้องหมาตัวเดียวของบ้านคงไม่น่าห่วง หากในบ้านมีหลายตัว คงต้องทำสถานที่แยกออกมา มีกรงขัง โดยให้ห่างจากที่อยู่ ที่กิน ที่นอนของหมาตัวอื่นๆ ในบ้าน ควรมีกำแพงกั้นป้องกันตัวอื่นๆ เข้าไปยุ่มย่ามด้วย - กรณีมีอาเจียนหรือท้องเสีย ควรให้สารน้ำ (น้ำเกลือ) เพื่อแก้ไขภาวะขาดน้ำ คุณหมออาจจะสอนเจ้าของให้น้ำเกลือใต้ผิวหนังเองที่บ้าน - ป้อนยาตามที่คุณหมอจัดให้ โดยทั่วไปจะมียาปฏิชีวนะเพื่อฆ่าเชื้อแบคทีเรียแทรกซ้อน ยาลดอาเจียน ยากระตุ้น/เสริมภูมิคุ้ม และยาบำรุงร่างกายต่างๆ เช่น ยาบำรุงประสาท ยาบำรุงเลือด - ในรายที่ไข้หัดขึ้นสมอง จะมีอาการชัก คุณหมออาจให้ยาระงับชักแบบกินมา หรืออาจให้เป็นยาสวนทวารมาก็ได้ แบบกินให้ป้อนตามเวลาที่คุณหมอกำหนด แบบสวนทวารจะให้ในกรณีฉุกเฉิน เมื่อที่น้องหมาแสดงอาการชัก เจ้าของควรสังเกตระยะเวลาการชัก ความถี่ และจดบันทึกไว้ด้วย เพื่อแจ้งให้คุณหมอทราบจะได้ปรับขนาดยาได้ถูกต้องต่อไป - เรื่องสำคัญ น้องหมาจะซึมและเบื่ออาหาร เจ้าของต้องป้อนอาหารและป้อนน้ำด้วย', 1),
(03, 'โรคลำไส้อักเสบ', 'โรคลำไส้อักเสบเกิดจากเชื้อไวรัส ซึ่งแพร่กระจายได้ง่าย โรคนี้จะโจมตีบริเวณลำไส้ และระบบย่อยอาหาร สามารถติดต่อระหว่าง สุนัข กับ สุนัขได้ แหล่งเพาะเชื้อนี้คือ "อุจจาระ" โรคลำไส้อักเสบเป็นโรคที่ควบคุมยาก\r\n\r\nอาการของโรค   มีไข้ ท้องร่วง อาเจียน ร่างกายสูญเสียน้ำมาก ไม่กินอาหาร ถ่ายเหลวเป็นสีโอวัลตินหรือแดง มีเลือดปน น้ำหนักตัวลดลง\r\n\r\nคำแนะนำ     ลูกสุนัขควรได้รับวัคซีนป้องกันจากแพทย์ โดยฉีดเมื่ออายุ 3 เดือน หลังจากนั้นก็ฉีดกระตุ้นปีละ 1 ครั้ง โรคนี้ไม่มียารักษาโดยตรง เพียงแต่รักษาตามอาการ', 1),
(04, 'โรคช่องหูภายนอกอักเสบ', 'โรคของช่องหูเป็นปัญหาที่พบได้บ่อยมากที่สุดในสัตว์เลี้ยง (ทั้งสุนัขและแมว) ส่วนใหญ่เป็นการอักเสบของช่องหูภายนอกที่เรียกว่า "otitis externa" มีสาเหตุหลัก เช่น ปรสิตภายนอก (เช่น เห็บ, หมัด หรือไรขี้เรื้อน), เชื้อโรค (เช่น แบคทีเรีย หรือรา) หรือ การแพ้ต่างๆ เช่น สิ่งสูดดม, อาหาร หรือสิ่งสัมผัส เป็นต้น\r\n\r\nอาการของโรค   หูมีกลิ่น มีสิ่งคัดหลั่งออกมาจากช่องหู ช่องหู หรือใบหูมีสีแดง หรือบวม มีการสั่นหัว หรือเอียงหัวไปด้านใดด้านหนึ่ง เกาหูบ่อย อารมณ์ฉุนเฉียว\r\n\r\nคำแนะนำ      การทำให้ช่องหูมีสุขภาพดีคือ ความสะอาด ควรตรวจสอบช่องหูของสัตว์เลี้ยงของท่านทุกสัปดาห์ การพบว่ามีขี้หูเพียงเล็กน้อยถือว่าเป็นสิ่งปกติ ถ้าสัตว์เลี้ยงชอบเล่นน้ำมาก หรือมีใบหูยาว หรือมีประวัติโรคของช่องหู แนะนำให้ทำความสะอาดช่องหูเป็นประจำ(2-3 ครั้งต่อสัปดาห์) ถ้ารอบๆ ช่องหูมีขนยาวมาก ให้ตัดให้สั้น เพื่อให้มีอากาศถ่ายเทได้สะดวก การรักษาโรคของช่องหูควรรักษา หรือกำจัดสาเหตุของโรค ซึ่งเป็นเหตุโน้มนำทำให้เกิดปัญหาของช่องหูจึงจะทำให้การรักษามีประสิทธิภาพสูงสุด พึงระลึกไว้เสมอว่า ถ้าสัตว์เลี้ยงของท่านรู้สึกไม่สะบายตัว สะบัดหูบ่อย ช่องหูมีกลิ่นเหม็นมาก หรือช่องหูมีความผิดปกติ ควรรีบพบสัตวแพทย์เพื่อตรวจรักษา หากปล่อยไว้นานอาจเกิดอักเสบติดเชื้อลุกลามถึงหูชั้นในได้ การใช้ยาบางชนิด หรือน้ำยาทำความสะอาดช่องหูบางชนิดอาจจะเป็นอันตรายมากกว่าเป็นการรักษา ดังนั้นจึงควรปรึกษาสัตวแพทย์', 1),
(05, 'โรคปอดบวม', 'โรคนี้จะพบมากในสุนัขเล็ก ๆ และสุนัขที่มีอายุมากแล้วเนื่องจากว่า สุนัขในวัยดังกล่าวมีภูมิคุ้มกันที่น้อยอยู่โรคนี้เกิดจากหลายสาเหตุได้แก่เชื้อไวรัส เชื้อแบคทีเรีย พยาธิทำลาย ปอด ทำให้ปอดอักเสบ แต่ส่วนใหญ่จะเกิดจากเชื้อแบคทีเรีย\r\n\r\nอาการของโรค   ตัวกระตุก น้ำมูกสีเขียวไหลย้อย อาเจียน ไอ\r\n\r\nคำแนะนำ      รักษาความสะอาด ให้ความอบอุ่น โดยเฉพาะที่คอ หน้าอก และหลัง ปูรองพื้นที่นอนด้วยผ้า อย่าให้นอนในที่เย็นหรืออับชื้นหรือโดนฝนสาด และนำสุนัข ไปพบสัตว์แพทย์เพื่อรักษา\r\n\r\n', 1),
(06, 'โดนยาพิษ ยาเบื่อ', 'ยาเบื่อหรือยาพิษที่สุนัขกินเข้าไป มักจะเป็นโดยบังเอิญมากกว่าตั้งใจจะกิน บางครั้งก็ไปกินยาเบื่อหนูหรือยาฆ่าแมลงที่ซุกเอาไว้ ผู้ร้ายวางแผนจะขโมยของในบ้านก็วางยาสนัขให้ตายเสียก่อนเพื่อที่จะเข้าไปลักขโมยของในบ้านได้สะดวก\r\n\r\nอาการของโรค   ตัวกระตุก ชัก ปากสั่น ท้องร่วง อาเจียน น้ำลายฟูมปาก ขาทั้งสี่เหยียดออก\r\n\r\nคำแนะนำ     ต้องพยายามทำให้สุนัขขจัดเศษยาเบื่อหรือยาพิษที่มีอยู่ โดยการทำให้อาเจียนออกมาด้วยวิธีการใดวิธีหนึ่งดังนี้ ใช้ผงมัสตาร์ดครึ่งช้อนชาผสมน้ำอุ่น 1 ถ้วยกรอกให้กินหรือใช้ไฮโดรเจนเพอร์ออกไซด์ 3 % ผสมกับน้ำเท่ากันให้กินในอัตรา 1 ช้อนโต๊ะต่อน้ำหนักสุนัข 5 กก. จะสามารถกระตุ้นให้สุนัขอาเจียนสำรอกเอาเศษยาเบื่อออกมาได้ บางครั้งอาจพบคราบยาหรืออาหารนั้นเปื้อนตามรอบปาก ก็ต้องใช้น้ำสะอาดล้างและเช็ดยาให้สะอาด การดูดซับพิษที่ยังหลงเหลืออยู่เพื่อไม่ให้ซึมเข้ากระแสโลหิตต่อไป โดยการใช้สารที่สามารถดูดซับพิษซึ่งหาได้ง่ายเช่น ถ่านหุงข้าว หรือไข่ขาว วิธีการทำให้ตำถ่านให้ละเอียด 5-6 ช้อนชา ผสมน้ำลงไปครึ่งถึง 1 ลิตร คนให้เข้ากันดีป้อนให้สุนัขกินจนหมด หากใช้ไข่ขาวสำหรับสุนัขเล็กให้ใช้ประมาณ 2 ฟอง สุนัขใหญ่ก็ราว 3-5 ฟอง สุนัขกินอาหารที่บุกเน่า สุนัขจะมีอาการท้องเดินอย่างแรงบางครั้งถึงมีเลือดปนอุจจาระ อาเจียน เจ็บบริเวณท้อง อ่อนเพลีย ก็ให้กินไฮโดรเจนเพอร์ออกไซด์ 1 ช้อนโต๊ะ ผสมกับน้ำ 2 ช้อนโต๊ะ ต่อน้ำหนักสุนัข 5 กก. เมื่ออาการผิดแล้วควรให้กินยาระยายเพื่อขับถ่ายพิษที่เหลือหลังจากนั้นจึงนำสุนัขไปส่งแพทย์', 1),
(07, 'โรคผิวหนัง', 'โรคผิวหนังที่เกิดจากเชื้อรา ที่พบได้บ่อยจะมีชื่อเรียกว่า Microsporum canis หรือที่เราเรียกทางการแพทย์ ว่า Dermatophyte จะพบบ่อยในสุนัขที่ชอบเลี้ยงปล่อยออกนอกบ้าน หรือขาดการดูแลเท่าที่ควร ดังนั้นในปัจจุบัน สัตวแพทย์ที่เป็นหมอสุนัข มักจะรณรงค์การเลี้ยงแมวจากเจ้าของสุนัขที่จะไม่ปล่อยสุนัขออกเดินเพ่นพ่านอย่างแต่ก่อน เพราะไม่เพียงแต่โรคผิวหนังเท่านั้นที่สามารถติดต่อมาสู่คน ยังมีโรคติดต่อที่ร้ายแรงสู่คนและทำให้ทั้งแมวและคนเสียชีวิตได้โดยไม่มียารักษา คือ โรคพิษสุนัขบ้า นั่นเอง นอกจากนี้โรคเชื้อราในสุนัข ยังอาจเกิดจากเชื้อ Trichophyton mentagrophyte หรืออาจเป็น Micrsporum gypsums อุบัติการเกิดโรค พบว่า เกิดได้ทุกอายุและทุกเพศ แต่ส่วนใหญ่มักพบในสุนัขที่มีอายุน้อย โดยเฉพาะช่วงหลังการหย่านมและในแมวโตที่มีขนยาว เช่น แมวเปอร์เซีย เป็นต้น เนื่องจากขนที่ยาวทำให้การเก็บสปอร์เชื้อราติดที่ผิวหนังได้นานกว่า และที่น่าสนใจกว่านั้นคือ พบว่า แมวที่เป็นโรคภูมิคุ้มกันบกพร่อง ( FIV ) มักจะพบว่ามีการติดเชื้อราดังกล่าวได้สูงกว่าปกติถึงสามเท่า สาเหตุการเกิดเชื้อรา ปัจจัยแรกคือ การทำให้ผิวหนังเกิดการบอบช้ำโดยเฉพาะในขณะการแปรงขน เช่น การใช้แปรง ผ้าเช็ดตัวร่วมกัน การให้แมวอยู่ในที่อับชื้น เชื่อกันว่า การอาบน้ำให้แมวบ่อยเกินไปก็อาจไม่เป็นผลดี เพราะจะไปทำลายกลไกการป้องกันผิวหนังปกติได้เช่นกัน ทำให้เกิดผิวหนังแห้งและการอักเสบของผิวหนังจะตามมา อาการที่พบในแมว มีอาการคันอย่างรุนแรง ขนร่วง โดยเฉพาะการที่ขนร่วงเป็นวงกลมๆ ที่เป็นลักษณะเด่น และมีชื่อเรียกในภาษาอังกฤษว่า Ringworm และสามารถวินิจฉัยโรคได้ไม่ยาก เชื้อราดังกล่าวจะทำให้แมวมีอาการคัน ชอบเอาตัว ศีรษะถูกับพื้น ขนก็จะร่วงเป็นวงๆ และวงก็จะขยายใหญ่ขึ้น เริ่มเกิดสะเก็ด อักเสบแดง เกิดรังแคตามตัวมากขึ้นโดยเฉพาะที่หน้า ใบหู เล็บ บางตัวเป็นมากจะคล้ายคราบหนอง ผิวหนังอักเสบมากขึ้น และมักจะกระจายทั่วไปตามตัวมากกว่าเป็นที่จุดเดียว ในสุนัขโตมักจะมีการอักเสบผิวหนังน้อยกว่าในลูกสุนัข แต่ที่พบบ่อยที่สุดคือ ขนร่วงอย่างมากและลุกลามรวดเร็ว บางตัวขนที่หางร่วงหมด เป็นต้น อย่าลืมว่า โรคเชื้อราในสุนัขนี้ว่าสามารถติดต่อได้ง่ายกับสุนัขตัวอื่น และในคนที่เป็นเจ้าของก็สามารถติดต่อได้ง่ายเช่นกัน หากสภาวะร่างกายอยู่ในสภาวะภูมิผิวหนังอ่อนแอ หรือบางทีสัมผัสกับขนของแมวตลอดทั้งวันทั้งคืน เช่น นอนบนเตียงด้วยกัน อาการในคนก็จะคันตามแมว และที่ผิวหนัง ตามแขน ขา หน้าท้อง มักเป็นวงแดงๆ โดยขอบขอวงจะเป็นตุ่มแดง และขยายใหญ่ขึ้นเรื่อยๆหากไม่ได้ทำการรักษา\r\n\r\nอาการของโรค   ขนร่วง คันอย่างรุนแรง\r\n\r\nคำแนะนำ     ในปัจจุบันด้วยวิทยาการที่ก้าวหน้า มีการแนะนำการใช้วัคซีน และเลือกใช้ ครีมทา แชมพูอาบน้ำ ให้เหมาะสมกับสัตว์เลี้ยงของท่าน', 1),
(10, 'พยาธิหนอนในหัวใจ', 'โรคพยาธิหนอนหัวใจในแมวมีความรุนแรงและสามารถทำให้แมวป่วยตายได้ โรคนี้เกิดจากพยาธิ Dirofilaria immitis ซึ่งเป็นพยาธิชนิดเดียวกันกับพยาธิที่เป็นสาเหตุทำให้เกิดโรคพยาธิหนอนหัวใจในสุนัข แต่จากรายงานการวิจัยเร็วๆ นี้แสดงให้เห็นว่า พยาธิชนิดนี้ทำให้เกิดปฏิกิริยาที่รุนแรงและทำให้แมวตายอย่างปัจจุบันทันด่วนได้\r\n\r\nอาการของโรค   ไอ นอนไม่ได้ น้ำหนักตัวลดลง ซึม หายใจลำบาก อาเจียน\r\n\r\nคำแนะนำ     พบแพทย์\r\n\r\n', 1),
(11, 'พยาธิไส้เดือน', 'พยาธิไส้เดือนนั้นจะเป็นตัวกลมยาวเหมือนกับไส้เดือน บางตัวมีความยาวมากถึง 10 เชนติเมตรเลยทีเดียว  การติดพยาธิชนิดนี้สามารถติดผ่านทางสายรกของแม่ได้เมื่อตั้งท้อง  โดยสุนัขที่พึ่งคลอดมาได้ 2 สัปดาห์จะเริ่มมีอาการของพยาธิชนิดนี้  โดยตัวอ่อนของพยาธินั้นจะเอาไปในกระแสเลือดแล้วไปสู่อวัยวะต่างในร่างกายสุนัข  เข้าไปในลำไส้จะทำให้สุนัขเกิดอาการท้องเสีย ตัวผอม  หากเข้าไปในปอดจะทำให้เกิดอาการไอ  และมีอาการอื่นๆ  เช่น  ท้องโต ขนหยาบ  เมื่อสุนัขคลอดออกควรถ่ายพยาธิตามโปแกรมของสัตวแพทย์  หากสุนัขที่โตแล้วจะต้องถ่ายพยาธิทุกๆ 3 เดือน  เพื่อที่จะทำให้พยาธิในตัวออกไปหากแม่พันธุ์ควรดูแลเป็นพิเศษ  เพราะว่าจะถ่ายทอดไปยังลูกสุนัขได้', 1),
(12, 'โรคไรในหูสุนัข', 'เกิดจากการติดไรในหูที่มีชื้อว่า "Otodectes cynotis" หรือที่เราเรียกกันว่า "ear mite" มักชอบอยู่ในที่อับและมี ความชื้น\r\n\r\nอาการของโรค    มีการสั่นหัว หรือเอียงหัวไปด้านใดด้านหนึ่ง เกาหูบ่อย หูมีกลิ่น มีสิ่งคัดหลั่งออกมาจากช่องหู ช่องหู หรือใบหูมีสีแดง หรือบวม\r\n\r\nคำแนะนำ     อาจจะใช้ก้านไม้พันด้วยสำลี หรือ Cotton bud ในการทำความสะอาดช่องหู และด้านในของใบหู แต่ไม่ควรแหย่ให้ลึกเข้าไปในช่องหูมากนัก เพราะจะทำให้ขี้หู หรือเศษเนื้อเยื่ออัดกันแน่นภายในช่องหูมากกว่าเป็นการเขี่ยเอามันออกมา', 1),
(13, 'โรคไรในหูแมว', 'เกิดจากการติดไรในหูที่มีชื้อว่า "Otodectes cynotis" หรือที่เราเรียกกันว่า "ear mite" มักชอบอยู่ในที่อับและมี ความชื้น\r\n\r\nอาการของโรค    มีการสั่นหัว หรือเอียงหัวไปด้านใดด้านหนึ่ง เกาหูบ่อย หูมีกลิ่น มีสิ่งคัดหลั่งออกมาจากช่องหู ช่องหู หรือใบหูมีสีแดง หรือบวม\r\n\r\nคำแนะนำ     อาจจะใช้ก้านไม้พันด้วยสำลี หรือ Cotton bud ในการทำความสะอาดช่องหู และด้านในของใบหู แต่ไม่ควรแหย่ให้ลึกเข้าไปในช่องหูมากนัก เพราะจะทำให้ขี้หู หรือเศษเนื้อเยื่ออัดกันแน่นภายในช่องหูมากกว่าเป็นการเขี่ยเอามันออกมา', 2),
(14, 'โรคพิษสุนัขบ้า', 'โรคพิษสุนัขบ้าหรือโรคกลัวน้ำ เป็นโรคติดต่อที่เกิดจากเชื้อไวรัส สามารถเป็นได้ทุกฤดูกาลพบได้ในสัตว์เลื้ยงลูกด้วยนมหลายชนิดไม่เฉพาะแต่ในสุนัขเท่านั้น ในแมวก็เป็นโรคนี้ได้เช้นกัน เป็นโรคที่แพร่ไปสู่คนได้ด้วย ระยะฝักตัวในแมวประมาณ 9-51 วัน อาการในแมวเทียบเคียงได้กับอาการในสุนักทุกประการมักพบเห็นอาการตื่นเต้นดุร้ายชัดเจน กระบวนการของโรคโดยทั่วไปสั้นกว่าในสุนัข\r\n\r\nอาการของโรค   เบื่ออาหาร ซึม ไม่กินอาหาร อารมณ์ฉุนเฉียว น้ำลายยืด ตื่นเต้น เสียงร้องเปลี่ยนไป กัดทุกอย่างแม้แต่เจ้าของ หลบในที่มืด ความรู้สึกไว ลิ้นห้อย\r\n\r\nคำแนะนำ      โรคพิษสุนัขบ้าในแมว ลูกแมวที่ได้รับภูมิคุ้มกันโรคจากแม่ควรได้วัคซีนอีครั้งตั้งแต่อายุ 3 เดือนขึ้นไปและต้องให้วัคซีนเชื้อตายเท่านั้น ส่วนการฉีดวัคซีนครั้งต่อไปให้คือ ปฏิบัติเช่นเดียวกับสุนัข คือฉีดซ้ำทุกๆปีๆละครั้ง', 2),
(15, 'โรคไข้หัดแมว', 'โรคไข้หัดแมวเกิดจากเชื้อไวรัสที่ชื่อว่า Feline Panleukopenia Virus (FPV) หรืออาจเรียกอีกชื่อหนึ่งว่า Feline Infectious Enteritis (FIE) เป็นไวรัสในกลุ่ม Parvovirus (คล้ายกับไวรัสลำไส้อักเสบในน้องหมา) โดยไวรัสนี้จะก่อโรคในสัตว์ตระกูลแมว และสัตว์ที่อยู่ในตระกูลใกล้เคียง เช่น แรคคูน ตัวมิงค์ ส่วนในน้องหมานั้น พบว่าไวรัสสามารถเข้าไปอยู่อาศัยในตัวน้องหมาได้ แต่จะไม่สามารถเพิ่มจำนวนและก่อโรคในน้องหมาค่ะ\r\n\r\nอาการของโรค   ตัวกระตุก มีไข้ เบื่ออาหาร ซึม ท้องร่วง อาเจียน ไอ ร่างกายสูญเสียน้ำมาก ไม่กินอาหาร มีขี้ตาสีเขียวเกรอะกรังตลอดเวลา น้ำมูกสีเขียวไหลย้อย\r\n\r\nคำแนะนำ     การรักษาโรคไข้หัดแมวนั้นมักจะเป็นการรักษาตามอาการ (เช่น ถ้ามีอาการอาเจียนก็ให้ยาแก้อาเจียน) เน้นทำให้สภาพร่างกายน้องแมวป่วยได้รับสารอาหารและสารน้ำได้มากพอ (ให้น้ำเกลือและสารอาหารเข้าทางหลอดเลือดดำ ถ้าอาการไม่หนักมากอาจให้น้ำเกลือเข้าทางใต้ผิวหนัง) เพื่อที่จะให้ร่างกายแข็งแรงพอที่จะต่อต้านเชื้อไวรัสได้ และควบคุมการติดเชื้อแทรกซ้อนต่างๆ (ให้ยาปฏิชีวนะเพื่อควบคุมการติดเชื้อแทรกซ้อน) ข้อเสียของ Interferon แบบฉีดก็คือ ราคาค่าใช้จ่ายที่ค่อนข้างสูงค่ะ ควรป้องกันโดยการฉีดวัคซีนในลูกแมวอายุน้อยกว่า 12 สัปดาห์ ควรฉีดวัคซีนนี้ 2 – 3 ครั้ง ห่างกัน 2 – 3 สัปดาห์', 2),
(16, 'โดนยาพิษ ยาเบื่อ', 'ยาเบื่อหรือยาพิษที่แมวกินเข้าไป มักจะเป็นโดยบังเอิญมากกว่าตั้งใจจะกิน บางครั้งก็ไปกินยาเบื่อหนูหรือยาฆ่าแมลงที่ซุกเอาไว้ ผู้ร้ายวางแผนจะขโมยของในบ้านก็วางยาแมวให้ตายเสียก่อนเพื่อที่จะเข้าไปลักขโมยของในบ้านได้สะดวก\r\n\r\nอาการของโรค   ตัวกระตุก ชัก ท้องร่วง อาเจียน น้ำลายฟูมปาก ขาทั้งสี่เหยียดออก\r\n\r\nคำแนะนำ     ต้องพยายามทำให้แมวขจัดเศษยาเบื่อหรือยาพิษที่มีอยู่ โดยการทำให้อาเจียนออกมาด้วยวิธีการใดวิธีหนึ่งดังนี้ ใช้ผงมัสตาร์ดครึ่งช้อนชาผสมน้ำอุ่น 1 ถ้วยกรอกให้กินหรือใช้ไฮโดรเจนเพอร์ออกไซด์ 3 % ผสมกับน้ำเท่ากันให้กินในอัตรา 1 ช้อนโต๊ะต่อน้ำหนักสุนัข 5 กก. จะสามารถกระตุ้นให้แมวอาเจียนสำรอกเอาเศษยาเบื่อออกมาได้ บางครั้งอาจพบคราบยาหรืออาหารนั้นเปื้อนตามรอบปาก ก็ต้องใช้น้ำสะอาดล้างและเช็ดยาให้สะอาด', 2),
(23, 'aaa', 'ssss', 2);

-- --------------------------------------------------------

--
-- Table structure for table `drug`
--

CREATE TABLE `drug` (
  `d_id` char(6) COLLATE utf8mb4_unicode_ci NOT NULL,
  `name_eng` varchar(70) COLLATE utf8mb4_unicode_ci NOT NULL,
  `name_thai` varchar(70) COLLATE utf8mb4_unicode_ci NOT NULL,
  `detail` text COLLATE utf8mb4_unicode_ci NOT NULL,
  `price` decimal(6,2) NOT NULL,
  `sprice` decimal(8,2) NOT NULL,
  `amount` int(4) NOT NULL,
  `unit` varchar(30) COLLATE utf8mb4_unicode_ci NOT NULL,
  `mfg` date NOT NULL,
  `exp` date NOT NULL,
  `d_picture` varchar(255) COLLATE utf8mb4_unicode_ci NOT NULL,
  `type_d_id` int(2) UNSIGNED ZEROFILL NOT NULL
) ENGINE=InnoDB DEFAULT CHARSET=utf8mb4 COLLATE=utf8mb4_unicode_ci;

--
-- Dumping data for table `drug`
--

INSERT INTO `drug` (`d_id`, `name_eng`, `name_thai`, `detail`, `price`, `sprice`, `amount`, `unit`, `mfg`, `exp`, `d_picture`, `type_d_id`) VALUES
('D00001', 'Cyanocabalamin', 'ไซยาโนโคบาลามิน', 'วิตตามินบี 12', '140.00', '145.00', 13, 'กล่อง', '2016-07-27', '2016-08-24', 'cya.jpg', 01),
('D00002', 'Bezter Enro 50', 'เบสเทอร์ เอ็นโร50', 'ยาปฏิชีวนะใช้รักษาโรคทีเ่กิดจากการติดเชื้อแบคทีเรีย', '180.00', '185.00', 1, 'กล่อง', '2016-07-03', '2019-10-29', 'bito.jpg', 02),
('D00003', 'ECTO-TAK', 'เอ็คโค-แทค', 'ใช้ควบคุมและกำจัดเห็บ', '195.00', '210.00', 13, 'กล่อง', '2016-07-17', '2016-12-31', 'b3.jpg', 02);

-- --------------------------------------------------------

--
-- Table structure for table `employee`
--

CREATE TABLE `employee` (
  `emp_id` int(5) UNSIGNED ZEROFILL NOT NULL,
  `emp_name` varchar(50) COLLATE utf8mb4_unicode_ci NOT NULL,
  `emp_surname` varchar(50) COLLATE utf8mb4_unicode_ci NOT NULL,
  `emp_address` text COLLATE utf8mb4_unicode_ci NOT NULL,
  `emp_telephone` varchar(13) COLLATE utf8mb4_unicode_ci NOT NULL,
  `user_name` varchar(20) COLLATE utf8mb4_unicode_ci NOT NULL
) ENGINE=InnoDB DEFAULT CHARSET=utf8mb4 COLLATE=utf8mb4_unicode_ci;

--
-- Dumping data for table `employee`
--

INSERT INTO `employee` (`emp_id`, `emp_name`, `emp_surname`, `emp_address`, `emp_telephone`, `user_name`) VALUES
(00001, 'สพ.ญ.สิราณี', 'ชุณหจิรัฐิติกาล', '133 หมู่ 2 \r\n\r\nตำบลฟ้าฮ่าม อำเภอเมืองเชียงใหม่\r\n\r\nจังหวัดเชียงใหม่ 50000', '0894574582', 'admin'),
(00027, 'ธนพงษ์', 'ไทยใหม่', '100 หมู่ 3 ตำบลฟ้าฮ่าม อำเภอเมืองเชียงใหม่', '0812352248', 'veterinary'),
(00028, 'piyanana', 'karunalai', '121 Moo 2 Phare', '0812457890', 'employee'),
(00029, 'Tanapong', 'Thaimai', '100 Moo 3 Faham', '0812352248', 'Owner'),
(00031, 'ณัฐกิจ', 'กิ่งแก้ว', '145/2 ตำบลช้างเผือก อำเภอเมือง จังหวัดเชียงใหม่ ', '0841235445', 'waiting'),
(00032, 'qqq', 'qqq', 'qqq', '1111111111', 'rrrrrr');

-- --------------------------------------------------------

--
-- Table structure for table `pet`
--

CREATE TABLE `pet` (
  `pet_id` int(6) UNSIGNED ZEROFILL NOT NULL,
  `pet_name` varchar(20) COLLATE utf8mb4_unicode_ci NOT NULL,
  `pet_type` varchar(20) COLLATE utf8mb4_unicode_ci NOT NULL,
  `pet_species` varchar(50) COLLATE utf8mb4_unicode_ci NOT NULL,
  `pet_birthday` date NOT NULL,
  `pet_sex` varchar(10) COLLATE utf8mb4_unicode_ci NOT NULL,
  `pet_picture` varchar(255) COLLATE utf8mb4_unicode_ci NOT NULL,
  `cus_id` varchar(6) COLLATE utf8mb4_unicode_ci NOT NULL
) ENGINE=InnoDB DEFAULT CHARSET=utf8mb4 COLLATE=utf8mb4_unicode_ci;

--
-- Dumping data for table `pet`
--

INSERT INTO `pet` (`pet_id`, `pet_name`, `pet_type`, `pet_species`, `pet_birthday`, `pet_sex`, `pet_picture`, `cus_id`) VALUES
(000001, 'ฝ้าย', '2', 'ไทย', '2014-06-17', 'M', 'siamese-cat.jpg', 'C00000'),
(000002, 'หยก', '1', 'พุดเดิ้ล', '2015-11-02', 'M', 'pudd.jpg', 'C00001'),
(000003, 'เหมียว', '2', 'เปอเซีย', '2014-07-15', 'M', '119069918.jpg', 'C00002');

-- --------------------------------------------------------

--
-- Table structure for table `pet_type`
--

CREATE TABLE `pet_type` (
  `pet_type` int(1) NOT NULL,
  `pet_type_name` varchar(50) COLLATE utf8mb4_unicode_ci NOT NULL
) ENGINE=InnoDB DEFAULT CHARSET=utf8mb4 COLLATE=utf8mb4_unicode_ci;

--
-- Dumping data for table `pet_type`
--

INSERT INTO `pet_type` (`pet_type`, `pet_type_name`) VALUES
(1, 'สุนัข'),
(2, 'แมว'),
(3, 'นก'),
(4, 'กระต่าย');

-- --------------------------------------------------------

--
-- Table structure for table `service`
--

CREATE TABLE `service` (
  `ser_id` char(6) COLLATE utf8mb4_unicode_ci NOT NULL,
  `ser_date` datetime NOT NULL,
  `ser_total` decimal(8,2) NOT NULL
) ENGINE=InnoDB DEFAULT CHARSET=utf8mb4 COLLATE=utf8mb4_unicode_ci;

--
-- Dumping data for table `service`
--

INSERT INTO `service` (`ser_id`, `ser_date`, `ser_total`) VALUES
('S00001', '2016-07-27 01:08:00', '200.00'),
('S00002', '2016-07-27 12:45:33', '150.00');

-- --------------------------------------------------------

--
-- Table structure for table `service_detail`
--

CREATE TABLE `service_detail` (
  `ser_id` char(6) COLLATE utf8mb4_unicode_ci NOT NULL,
  `ser_detail` text COLLATE utf8mb4_unicode_ci NOT NULL,
  `ser_price` decimal(8,2) NOT NULL,
  `pet_id` int(6) UNSIGNED ZEROFILL NOT NULL
) ENGINE=InnoDB DEFAULT CHARSET=utf8mb4 COLLATE=utf8mb4_unicode_ci;

--
-- Dumping data for table `service_detail`
--

INSERT INTO `service_detail` (`ser_id`, `ser_detail`, `ser_price`, `pet_id`) VALUES
('S00001', 'อาบน้ำ ตัดขน', '200.00', 000002),
('S00002', 'ตัดขน', '150.00', 000003);

-- --------------------------------------------------------

--
-- Table structure for table `symptoms`
--

CREATE TABLE `symptoms` (
  `sym_id` int(3) NOT NULL,
  `sym_detail` varchar(50) COLLATE utf8mb4_unicode_ci NOT NULL,
  `diseasetypeid` int(2) UNSIGNED ZEROFILL NOT NULL
) ENGINE=InnoDB DEFAULT CHARSET=utf8mb4 COLLATE=utf8mb4_unicode_ci;

--
-- Dumping data for table `symptoms`
--

INSERT INTO `symptoms` (`sym_id`, `sym_detail`, `diseasetypeid`) VALUES
(1, 'เบื่ออาหาร', 01),
(2, 'อ่อนเพลีย', 01),
(3, 'มีไข้', 01),
(4, 'อารมณ์หงุดหงิด', 01),
(5, 'ม่านตาขยายโต', 01),
(6, 'กระวนกระวาย', 01),
(7, 'มีไข้สูง', 02),
(8, 'เบื่ออาหาร', 02),
(9, 'เยื่อตาอักเสบ', 02),
(10, 'อาการซึม', 02),
(11, 'จมูกแห้ง', 02),
(12, 'มีน้ำมูก', 02),
(13, 'ขี้ตาขุ่นเป็นหนอง', 02),
(14, 'อาการไอ ', 02),
(15, 'อาเจียน', 02),
(16, 'ท้องเสีย', 02),
(17, 'กล้ามเนื้อกระตุก', 02),
(18, 'อาการชัก ', 02),
(19, 'ขาหลังเป็นอัมพาต', 02),
(20, 'มีเลือดออกทางทวารหนัก', 03),
(21, 'อาการซึม', 03),
(22, 'เบื่ออาหาร', 03),
(23, 'อาเจียน', 03),
(24, 'ท้องเสีย', 03),
(25, 'ถ่ายเป็นน้ำสีดำ', 03),
(26, 'ถ่ายเป็นเลือด', 03),
(27, 'เกาหูบ่อย', 04),
(28, 'มีขี้หูกลิ่นรุนแรง', 04),
(29, 'มีสิ่งคัดหลั่งออกมาจากช่องหู', 04),
(30, 'ใบหูมีสีแดง หรือบวม  ', 04),
(31, 'มีการสั่นหัว', 04),
(32, 'เอียงหัวไปด้านใดด้านหนึ่ง', 04),
(33, 'อาการซึม', 05),
(34, 'มีไข้', 05),
(35, 'หายใจกระหืดกระหอบ', 05),
(36, 'มีขี้มูกไหลออกมาสีขาวจนถึงเขียวข้น', 05),
(37, 'อาเจียน', 05),
(38, 'ไอหอบ', 05),
(39, 'จมูกแฉะ', 05),
(40, 'อาเจียน', 06),
(41, 'น้ำลายฟูมปาก', 06),
(42, 'ตาลอย', 06),
(43, 'ไม่มีแรง', 06),
(44, 'อาการชัก', 06),
(45, 'คันตัว', 07),
(46, 'มีตุ่มแข็งหรือตุ่มแดงตามร่างกาย', 07),
(47, 'มีตุ่มหนอง ', 07),
(48, 'มีก้อนนูน', 07),
(49, 'แผลหลุดลอก', 07),
(50, 'แผลหลุม', 07),
(51, 'ผิวแห้งหนา', 07),
(52, 'แผลโพรงทะลุ', 07),
(53, 'สะเก็ดรังแค', 07),
(54, 'รอยดำ', 07),
(55, 'ขนร่วง', 07),
(56, 'สะเก็ดแห้งกรัง', 07),
(65, 'เหนื่อยง่าย', 10),
(66, 'อาการซึม', 10),
(67, 'หายใจหอบ', 10),
(68, 'ร่างกายอ่อนเพลีย', 10),
(69, 'ไอแห้งๆ', 10),
(70, 'ไอมีเลือด', 10),
(71, 'อาการท้องเสีย', 11),
(72, 'อาการไอ', 11),
(73, 'ท้องโต', 11),
(74, 'ขนหยาบ', 11),
(75, 'ขนร่วง', 12),
(76, 'ผิวหนังใต้ใบหูแดงอักเสบ', 12),
(77, 'ขนร่วง', 13),
(78, 'ผิวหนังใต้ใบหูแดงอักเสบ', 13),
(79, 'เบื่ออาหาร', 14),
(80, 'อ่อนเพลีย', 14),
(81, 'มีไข้', 14),
(82, 'อารมณ์หงุดหงิด', 14),
(83, 'ม่านตาขยายโต', 14),
(84, 'กระวนกระวายไม่อยู่นิ่ง', 14),
(86, 'เบื่ออาหาร', 14),
(87, 'อ่อนเพลีย', 14),
(88, 'มีไข้', 14),
(89, 'อารมณ์หงุดหงิด', 14),
(90, 'ม่านตาขยายโต', 14),
(91, 'กระวนกระวายไม่อยู่นิ่ง', 14),
(92, 'มีไข้สูง ', 15),
(93, 'เบื่ออาหาร', 15),
(94, 'เยื่อตาอักเสบ', 15),
(95, 'อาการซึม', 15),
(96, 'จมูกแห้ง', 15),
(97, 'มีน้ำมูก', 15),
(98, 'ขี้ตาขุ่นเป็นหนอง', 15),
(99, 'อาการไอ', 15),
(100, 'อาเจียน', 15),
(101, 'ท้องเสีย', 15),
(102, 'กล้ามเนื้อกระตุก', 15),
(103, 'อาการชัก', 15),
(104, 'ขาหลังเป็นอัมพาต', 15),
(105, 'อาเจียน', 16),
(106, 'น้ำลายฟูมปาก', 16),
(107, 'ตาลอย', 16),
(108, 'ไม่มีแรง', 16),
(109, 'อาการชัก', 16),
(136, '', 00),
(141, 'www', 23);

-- --------------------------------------------------------

--
-- Table structure for table `treatment`
--

CREATE TABLE `treatment` (
  `treat_id` char(7) COLLATE utf8mb4_unicode_ci NOT NULL,
  `pet_id` int(6) UNSIGNED ZEROFILL NOT NULL,
  `treat_date` datetime NOT NULL,
  `examination` text COLLATE utf8mb4_unicode_ci NOT NULL,
  `sick` text COLLATE utf8mb4_unicode_ci NOT NULL,
  `judge` text COLLATE utf8mb4_unicode_ci NOT NULL,
  `cash_total` decimal(8,2) NOT NULL,
  `treat_drug_id` char(7) COLLATE utf8mb4_unicode_ci NOT NULL
) ENGINE=InnoDB DEFAULT CHARSET=utf8mb4 COLLATE=utf8mb4_unicode_ci;

--
-- Dumping data for table `treatment`
--

INSERT INTO `treatment` (`treat_id`, `pet_id`, `treat_date`, `examination`, `sick`, `judge`, `cash_total`, `treat_drug_id`) VALUES
('T000001', 000002, '2016-07-27 01:01:02', 'น้ำหนัก 4 ก.ก.', 'ท้องเสีย ถ่ายเป็นน้ำ', 'ท้องเสีย รับประทานยาฆ่าเชื้อ ยาเคลือบกระเพาะ ', '300.00', 'P000001'),
('T000002', 000003, '2016-07-27 07:16:12', '3 ก.ก. อุณหภูมิ 101-102.5 องศาฟาเรนไฮต์', 'มีแผลฉีก ที่ต้นขา', 'ล้างแผล เย็บแผล ', '800.00', 'P000004'),
('T000003', 000003, '2016-07-27 12:52:07', 'น้ำหนัก 3กก', 'มีแผล', 'เย็บแผล', '800.00', 'P000006');

-- --------------------------------------------------------

--
-- Table structure for table `treatment_drug`
--

CREATE TABLE `treatment_drug` (
  `treat_drug_id` char(7) COLLATE utf8mb4_unicode_ci NOT NULL,
  `d_id` char(6) COLLATE utf8mb4_unicode_ci NOT NULL,
  `amount` int(4) NOT NULL,
  `total` decimal(7,2) NOT NULL,
  `t_date` datetime NOT NULL
) ENGINE=InnoDB DEFAULT CHARSET=utf8mb4 COLLATE=utf8mb4_unicode_ci;

--
-- Dumping data for table `treatment_drug`
--

INSERT INTO `treatment_drug` (`treat_drug_id`, `d_id`, `amount`, `total`, `t_date`) VALUES
('P000001', 'D00001', 2, '290.00', '2016-07-27 01:01:02'),
('P000001', 'D00002', 1, '185.00', '2016-07-27 01:01:02'),
('P000002', 'D00002', 2, '370.00', '2016-07-27 01:08:44'),
('P000003', 'D00001', 6, '870.00', '2016-07-27 01:09:09'),
('P000003', 'D00002', 4, '740.00', '2016-07-27 01:09:09'),
('P000004', 'D00002', 2, '370.00', '2016-07-27 07:16:12'),
('P000005', 'D00001', 1, '145.00', '2016-07-27 12:47:39'),
('P000005', 'D00002', 3, '555.00', '2016-07-27 12:47:39'),
('P000005', 'D00003', 1, '210.00', '2016-07-27 12:47:39'),
('P000006', 'D00001', 1, '145.00', '2016-07-27 12:52:07'),
('P000006', 'D00003', 2, '420.00', '2016-07-27 12:52:07');

-- --------------------------------------------------------

--
-- Table structure for table `type_drug`
--

CREATE TABLE `type_drug` (
  `type_d_id` int(2) UNSIGNED ZEROFILL NOT NULL,
  `type_d_name` varchar(20) COLLATE utf8mb4_unicode_ci NOT NULL
) ENGINE=InnoDB DEFAULT CHARSET=utf8mb4 COLLATE=utf8mb4_unicode_ci;

--
-- Dumping data for table `type_drug`
--

INSERT INTO `type_drug` (`type_d_id`, `type_d_name`) VALUES
(01, 'เม็ด'),
(02, 'ยาน้ำ');

-- --------------------------------------------------------

--
-- Table structure for table `user`
--

CREATE TABLE `user` (
  `user_name` varchar(20) COLLATE utf8mb4_unicode_ci NOT NULL DEFAULT '',
  `password` varchar(20) COLLATE utf8mb4_unicode_ci DEFAULT NULL,
  `type_id` varchar(10) COLLATE utf8mb4_unicode_ci DEFAULT NULL
) ENGINE=InnoDB DEFAULT CHARSET=utf8mb4 COLLATE=utf8mb4_unicode_ci;

--
-- Dumping data for table `user`
--

INSERT INTO `user` (`user_name`, `password`, `type_id`) VALUES
('admin', '123456', 'Admin'),
('employee', '264186', 'Employee'),
('owner', '264186', 'Owner'),
('rrrrrr', 'rrrrrr', 'Employee'),
('veterinary', '264186', 'Veterinary'),
('waiting', '264186', 'Employee');

--
-- Indexes for dumped tables
--

--
-- Indexes for table `appointment`
--
ALTER TABLE `appointment`
  ADD PRIMARY KEY (`app_id`,`pet_id`,`app_date`);

--
-- Indexes for table `buy`
--
ALTER TABLE `buy`
  ADD PRIMARY KEY (`buy_id`);

--
-- Indexes for table `buy_detail`
--
ALTER TABLE `buy_detail`
  ADD PRIMARY KEY (`buy_id`,`d_id`);

--
-- Indexes for table `customer`
--
ALTER TABLE `customer`
  ADD PRIMARY KEY (`cus_id`);

--
-- Indexes for table `diseasetype`
--
ALTER TABLE `diseasetype`
  ADD PRIMARY KEY (`diseasetypeid`);

--
-- Indexes for table `drug`
--
ALTER TABLE `drug`
  ADD PRIMARY KEY (`d_id`);

--
-- Indexes for table `employee`
--
ALTER TABLE `employee`
  ADD PRIMARY KEY (`emp_id`);

--
-- Indexes for table `pet`
--
ALTER TABLE `pet`
  ADD PRIMARY KEY (`pet_id`);

--
-- Indexes for table `pet_type`
--
ALTER TABLE `pet_type`
  ADD PRIMARY KEY (`pet_type`);

--
-- Indexes for table `service`
--
ALTER TABLE `service`
  ADD PRIMARY KEY (`ser_id`);

--
-- Indexes for table `service_detail`
--
ALTER TABLE `service_detail`
  ADD PRIMARY KEY (`ser_id`,`pet_id`);

--
-- Indexes for table `symptoms`
--
ALTER TABLE `symptoms`
  ADD PRIMARY KEY (`sym_id`);

--
-- Indexes for table `treatment`
--
ALTER TABLE `treatment`
  ADD PRIMARY KEY (`treat_id`);

--
-- Indexes for table `treatment_drug`
--
ALTER TABLE `treatment_drug`
  ADD PRIMARY KEY (`treat_drug_id`,`d_id`);

--
-- Indexes for table `type_drug`
--
ALTER TABLE `type_drug`
  ADD PRIMARY KEY (`type_d_id`);

--
-- Indexes for table `user`
--
ALTER TABLE `user`
  ADD PRIMARY KEY (`user_name`);

--
-- AUTO_INCREMENT for dumped tables
--

--
-- AUTO_INCREMENT for table `appointment`
--
ALTER TABLE `appointment`
  MODIFY `app_id` int(3) UNSIGNED ZEROFILL NOT NULL AUTO_INCREMENT, AUTO_INCREMENT=4;
--
-- AUTO_INCREMENT for table `buy`
--
ALTER TABLE `buy`
  MODIFY `buy_id` int(6) UNSIGNED ZEROFILL NOT NULL AUTO_INCREMENT, AUTO_INCREMENT=4;
--
-- AUTO_INCREMENT for table `diseasetype`
--
ALTER TABLE `diseasetype`
  MODIFY `diseasetypeid` int(2) UNSIGNED ZEROFILL NOT NULL AUTO_INCREMENT, AUTO_INCREMENT=24;
--
-- AUTO_INCREMENT for table `employee`
--
ALTER TABLE `employee`
  MODIFY `emp_id` int(5) UNSIGNED ZEROFILL NOT NULL AUTO_INCREMENT, AUTO_INCREMENT=33;
--
-- AUTO_INCREMENT for table `pet`
--
ALTER TABLE `pet`
  MODIFY `pet_id` int(6) UNSIGNED ZEROFILL NOT NULL AUTO_INCREMENT, AUTO_INCREMENT=4;
--
-- AUTO_INCREMENT for table `pet_type`
--
ALTER TABLE `pet_type`
  MODIFY `pet_type` int(1) NOT NULL AUTO_INCREMENT, AUTO_INCREMENT=5;
--
-- AUTO_INCREMENT for table `symptoms`
--
ALTER TABLE `symptoms`
  MODIFY `sym_id` int(3) NOT NULL AUTO_INCREMENT, AUTO_INCREMENT=142;
--
-- AUTO_INCREMENT for table `type_drug`
--
ALTER TABLE `type_drug`
  MODIFY `type_d_id` int(2) UNSIGNED ZEROFILL NOT NULL AUTO_INCREMENT, AUTO_INCREMENT=3;
/*!40101 SET CHARACTER_SET_CLIENT=@OLD_CHARACTER_SET_CLIENT */;
/*!40101 SET CHARACTER_SET_RESULTS=@OLD_CHARACTER_SET_RESULTS */;
/*!40101 SET COLLATION_CONNECTION=@OLD_COLLATION_CONNECTION */;
